AAACAACGAATAGTTC-1,0,0,16,1252,2312
AAACAAGTATCTCCCA-1,1,50,102,7237,8230
AAACAATCTACTAGCA-1,1,3,43,1611,4170
AAACACCAATAACTGC-1,1,59,19,8315,2519
AAACAGAGCGACTCCT-1,1,14,94,2927,7679
AAACAGCTTTCAGAAG-1,0,43,9,6400,1831
AAACAGGGTCTATATT-1,0,47,13,6879,2106
AAACAGTGTTCCTGGG-1,0,73,43,9991,4170
AAACATGGTGAGAGGA-1,0,62,0,8674,1212
AAACATTTCCCGGATT-1,0,61,97,8554,7886
AAACCACTACACAGAT-1,0,3,117,1610,9261
AAACCCGAACGAAATC-1,0,45,115,6639,9124
AAACCGGAAATGTTAA-1,0,54,124,7716,9743
AAACCGGGTAGGTACC-1,1,42,28,6280,3138
AAACCGTTCGTCCAGG-1,1,52,42,7477,4101
AAACCTAAGCAGCCGG-1,0,65,83,9033,6922
AAACCTCATGAAGTTG-1,1,37,19,5681,2519
AAACGAAGAACATACC-1,1,6,64,1970,5615
AAACGAAGATGGAGTA-1,0,58,4,8195,1487
AAACGACAGTCTTGCC-1,0,2,118,1491,9330
AAACGAGACGGTTGAT-1,1,35,79,5442,6647
AAACGCCCGAGATCGG-1,0,4,108,1730,8642
AAACGCTGGGCACGAC-1,0,70,126,9631,9881
AAACGGGCGTACGGGT-1,0,65,91,9033,7473
AAACGGGTTGGTATCC-1,0,1,23,1371,2794
AAACGGTTGCGAACTG-1,1,67,59,9273,5271
AAACGTGTTCGCCCTA-1,0,14,118,2927,9330
AAACTAACGTGGCGAC-1,0,8,110,2209,8780
AAACTCGGTTCGCAAT-1,1,66,70,9153,6028
AAACTCGTGATATAAG-1,0,23,113,4005,8986
AAACTGCTGGCTCCAA-1,1,45,67,6639,5821
AAACTTAATTGCACGC-1,0,64,12,8914,2037
AAACTTGCAAACGTAT-1,1,45,19,6639,2519
AAAGAATGACCTTAGA-1,0,64,2,8914,1349
AAAGAATGTGGACTAA-1,0,71,105,9751,8436
AAAGACATGAAGTTTA-1,0,0,92,1251,7541
AAAGACCCAAGTCGCG-1,1,10,48,2449,4514
AAAGACTGGGCGCTTT-1,0,29,15,4724,2243
AAAGCTTGCCTACATA-1,0,26,122,4364,9605
AAAGGCCCTATAATAC-1,1,66,22,9153,2725
AAAGGCTACGGACCAT-1,1,62,54,8674,4927
AAAGGCTCTCGCGCCG-1,1,55,55,7836,4996
AAAGGGATGTAGCAAG-1,1,24,62,4125,5477
AAAGGGCAGCTTGAAT-1,1,24,26,4125,3000
AAAGGTAAGCTGTACC-1,0,10,106,2448,8504
AAAGGTCAACGACATG-1,0,0,112,1251,8917
AAAGTAGCATTGCTCA-1,1,51,27,7357,3069
AAAGTCACTGATGTAA-1,1,10,52,2449,4789
AAAGTCGACCCTCAGT-1,1,37,15,5681,2244
AAAGTGCCATCAATTA-1,0,63,125,8793,9812
